Placement,ID,Gender,Athlete,Sport,SSS,AES,Transfer,Continuing,Previous Instructor,Illegal Sections,Choice 1,Choice 2,Choice 3,Choice 4,Choice 5,Choice 6
,1693,M, ,, ,,,,Cameron-Dominguez,"107-05, 107-21",107-15,107-18,107-16,107-23,107-19,107-11
,3309,F,,,,,,,Cameron-Dominguez,"107-05, 107-21",107-15,107-25,107-08,107-30,107-18,107-20
,3193,F, ,, ,,,,Cameron-Dominguez,"107-05, 107-21",107-25,107-09,107-01,107-08,107-18,107-26
,3307,F, ,, ,,,,Cameron-Dominguez,"107-05, 107-21",107-25,107-18,107-21,107-22,107-28,107-10
,1089,F, ,,,,,,Cameron-Dominguez,"107-05, 107-21",107-19,107-11,107-09,107-12,107-13,107-10
,2387,M, ,,,,,,Cameron-Dominguez,"107-05, 107-21",107-19,107-16,107-10,107-09,107-30,107-13
,2921,M, ,, ,,,,Cameron-Dominguez,"107-05, 107-21",107-19,107-28,107-23,107-30,107-21,107-09
,748,M,Y,BB,,,,,Cameron-Dominguez,"107-05, 107-21",107-09,107-10,107-08,107-13,107-19,107-29
,751,M,Y,MSW,,,,,Cameron-Dominguez,"107-05, 107-21",107-09,107-16,107-19,107-30,107-10,107-32
,1485,F, ,, ,,,,Cameron-Dominguez,"107-05, 107-21",107-09,107-14,107-26,107-19,107-32,107-30
,1491,F, ,,,,,,Cameron-Dominguez,"107-05, 107-21",107-09,107-19,107-14,107-24,107-29,107-11
,2253,F, ,, ,,,,Cameron-Dominguez,"107-05, 107-21",107-09,107-19,107-25,107-10,107-12,107-24
,3980,F, ,,,,,,Cameron-Dominguez,"107-05, 107-21",107-09,107-10,107-29,107-25,107-12,107-24
,1134,M,,,,,,,Cameron-Dominguez,"107-05, 107-21",107-16,107-11,107-08,107-09,107-10,107-12
,1759,F, ,, ,,,,Cameron-Dominguez,"107-05, 107-21",107-16,107-25,107-10,107-09,107-11,107-08
,1777,F, ,, ,,,,Cameron-Dominguez,"107-05, 107-21",107-16,107-12,107-18,107-17,107-30,107-32
,1795,M, ,,,,,,Cameron-Dominguez,"107-05, 107-21",107-16,107-19,107-12,107-25,107-15,107-32
,1957,F,,,,,,,Cameron-Dominguez,"107-05, 107-21",107-16,107-17,107-09,107-10,107-24,107-26
,199,F,,,,,,,Cameron-Dominguez,"107-05, 107-21",107-30,107-06,107-13,107-24,107-14,107-10
,4092,F, ,, ,,,,Cameron-Dominguez,"107-05, 107-21",107-30,107-17,107-18,107-29,107-10,107-24
,4099,F, ,,,,,,Cameron-Dominguez,"107-05, 107-21",107-30,107-18,107-17,107-12,107-08,107-23
,2996,F, ,,,,,,Cameron-Dominguez,"107-05, 107-21",107-24,107-08,107-19,107-30,107-13,107-10
,3095,F,,,,,,,Cameron-Dominguez,"107-05, 107-21",107-03,107-17,107-12,107-04,107-29,107-10
,3420,M,Y,FB,,,,,Cameron-Dominguez,"107-05, 107-21",107-03,107-21,107-12,107-19,107-29,107-17
,4669,M,Y,MBK,,,,,Cameron-Dominguez,"107-05, 107-21",107-03,107-17,107-12,107-16,107-09,107-08
,170,F, ,, ,,,,Cameron-Dominguez,"107-05, 107-21",107-03,107-06,107-15,107-05,107-07,107-31
107-06,210,F,Y,WSW,Y,,,,Cameron-Dominguez,"107-05, 107-21",107-03,107-06,107-01,107-15,107-24,107-02
,1396,M, ,,,,,,Cameron-Dominguez,"107-05, 107-21",107-03,107-13,107-29,107-06,107-07,107-08
,2049,M,Y,FB,,,,,Cameron-Dominguez,"107-05, 107-21",107-17,107-12,107-19,107-03,107-29,107-02
,4294,M,Y,FB  ,,,,,Cameron-Dominguez,"107-05, 107-21",107-17,107-32,107-08,107-16,107-24,107-12
,3757,F, ,, ,,,,Cameron-Dominguez,"107-05, 107-21",107-28,107-26,107-17,107-18,107-19,107-12
,3872,M,Y,BB, ,,,,Cameron-Dominguez,"107-05, 107-21",107-12,107-03,107-17,107-02,107-29,107-19
,1273,F, ,,,,,,Cameron-Dominguez,"107-05, 107-21",107-12,107-19,107-18,107-10,107-09,107-11
,1276,F, ,,,,,,Cameron-Dominguez,"107-05, 107-21",107-12,107-10,107-09,107-25,107-26,107-19
,1280,M,Y,MTN,,,,,Cameron-Dominguez,"107-05, 107-21",107-12,107-09,107-10,107-19,107-29,107-13
,1301,M,Y,FB,,,,,Cameron-Dominguez,"107-05, 107-21",107-12,107-09,107-19,107-16,107-10,107-17
,2062,M,Y,FB,,,,,Cameron-Dominguez,"107-05, 107-21",107-12,107-17,107-03,107-19,107-16,107-10
,2536,M,Y,BB, ,,,,Cameron-Dominguez,"107-05, 107-21",107-02,107-05,107-06,107-04,107-07,107-01
,1401,M,Y,FB, ,,,,Cameron-Dominguez,"107-05, 107-21",107-26,107-13,107-30,107-12,107-23,107-06
,3476,M,Y,MCR,,,,,Cameron-Dominguez,"107-05, 107-21",107-26,107-10,107-09,107-25,107-12,107-08
,3478,M, ,, ,,,,Cameron-Dominguez,"107-05, 107-21",107-26,107-20,107-16,107-30,107-29,107-18
,2669,F,,, ,,,,Cameron-Dominguez,"107-05, 107-21",107-22,107-17,107-10,107-09,107-15,107-08
,357,F, ,, ,,,,Cameron-Dominguez,"107-05, 107-21",107-14,107-07,107-15,107-24,107-19,107-25
,1480,F, ,,,,,,Cameron-Dominguez,"107-05, 107-21",107-14,107-10,107-28,107-30,107-26,107-13
,4157,F, ,,,,,,Cameron-Dominguez,"107-05, 107-21",107-32,107-22,107-24,107-19,107-28,107-25
,1361,F, ,, ,,,,Cameron-Dominguez,"107-05, 107-21",107-13,107-14,107-28,107-24,107-09,107-10
,4418,F,,,Y,,,,Cameron-Dominguez,"107-05, 107-21",,,,,,
,3570,F, ,,,,,,Cameron-Dominguez,"107-05, 107-21",,,,,,
,2832,M,,,,,,,Cameron-Dominguez,"107-05, 107-21",,,,,,
,3614,F,,,,,,,Cameron-Dominguez,"107-05, 107-21",,,,,,
,3627,F,,,,,,,Cameron-Dominguez,"107-05, 107-21",,,,,,
,4546,M,,,,,,,Cameron-Dominguez,"107-05, 107-21",,,,,,
,3985,F, ,, ,,,,Cushman,107-19,107-15,107-14,107-29,107-10,107-07,107-12
,3265,F, ,,,,,,Cushman,107-19,107-25,107-09,107-12,107-11,107-17,107-18
,2427,M, ,,,,,,Cushman,107-19,107-20,107-12,107-16,107-09,107-32,107-25
,761,M, ,,,,,,Cushman,107-19,107-09,107-12,107-10,107-25,107-06,107-16
,3183,F, ,, ,,,,Cushman,107-19,107-09,107-25,107-18,107-17,107-08,107-15
,4069,F, ,,,,,,Cushman,107-19,107-09,107-30,107-32,107-32,107-32,107-32
,1306,M, ,,,,,,Cushman,107-19,107-16,107-12,107-20,107-15,107-30,107-17
,1650,F, ,,,,,,Cushman,107-19,107-08,107-15,107-24,107-25,107-26,107-17
,1425,M, ,,,,,,Cushman,107-19,107-30,107-13,107-20,107-15,107-22,107-10
,1461,F, ,,,,,,Cushman,107-19,107-12,107-14,107-26,107-08,107-16,107-13
,4008,M,Y,MCR, ,,,,Cushman,107-19,107-12,107-29,107-08,107-30,107-10,107-15
,3921,F, ,, ,,,,Cushman,107-19,107-29,107-18,107-09,107-28,107-15,107-08
,3119,F, ,,,,,,Cushman,107-19,107-26,107-24,107-13,107-07,107-10,107-31
,939,M, ,,,,,,Cushman,107-19,107-10,107-12,107-15,107-20,107-08,107-26
,947,M, ,, ,,,,Cushman,107-19,107-10,107-09,107-28,107-18,107-32,107-30
,2728,F, ,, ,,,,Cushman,107-19,107-22,107-17,107-18,107-31,107-01,107-25
,4149,M,,,,,,,Cushman,107-19,,,,,,
,3609,M,,,,,,,Cushman,107-19,,,,,,
,1641,F,Y,WSW,,,,,Drayton,"107-01, 107-08",107-15,107-25,107-09,107-17,107-26,107-13
,1661,F, ,,,,,,Drayton,"107-01, 107-08",107-15,107-14,107-10,107-25,107-22,107-26
,3175,F,Y,WCR,,,,,Drayton,"107-01, 107-08",107-25,107-20,107-09,107-13,107-06,107-24
107-23,2920,M, ,,Y,,,,Drayton,"107-01, 107-08",107-23,107-16,107-12,107-29,107-18,107-20
,2812,M, ,, ,,,,Drayton,"107-01, 107-08",107-20,107-14,107-12,107-22,107-17,107-10
,289,M, ,,,,,,Drayton,"107-01, 107-08",107-19,107-06,107-09,107-03,107-18,107-24
,1133,M, ,,,,,,Drayton,"107-01, 107-08",107-19,107-11,107-20,107-24,107-10,107-10
,1438,F, ,,,,,,Drayton,"107-01, 107-08",107-19,107-14,107-17,107-10,107-12,107-32
,2168,F,Y,WTN,,,,,Drayton,"107-01, 107-08",107-19,107-09,107-10,107-26,107-28,107-17
,2362,M,Y,"FB, MTF", ,,,,Drayton,"107-01, 107-08",107-19,107-08,107-18,107-12,107-01,107-05
,2396,M, ,,,,,,Drayton,"107-01, 107-08",107-19,107-09,107-12,107-18,107-16,107-15
,4026,M, ,,,,,,Drayton,"107-01, 107-08",107-19,107-29,107-32,107-09,107-13,107-27
,4229,F, ,,,,,,Drayton,"107-01, 107-08",107-19,107-09,107-32,107-31,107-29,107-10
,4310,M,,,,,,,Drayton,"107-01, 107-08",107-19,107-16,107-32,107-29,107-18,107-13
,377,F, ,, ,,,,Drayton,"107-01, 107-08",107-09,107-07,107-13,107-11,107-14,107-28
,651,F, ,, ,,,,Drayton,"107-01, 107-08",107-09,107-10,107-24,107-19,107-22,107-25
,1946,F, ,, ,,,,Drayton,"107-01, 107-08",107-09,107-17,107-26,107-30,107-24,107-10
,2702,F, ,, ,,,,Drayton,"107-01, 107-08",107-09,107-19,107-10,107-22,107-12,107-17
,4127,M, ,,,,,,Drayton,"107-01, 107-08",107-09,107-16,107-30,107-10,107-32,107-13
,4284,M, ,,,,,,Drayton,"107-01, 107-08",107-09,107-32,107-08,107-26,107-14,107-13
,4411,F,Y,WCR, ,,,,Drayton,"107-01, 107-08",107-09,107-25,107-31,107-19,107-22,107-18
,1565,M, ,,,,,,Drayton,"107-01, 107-08",107-16,107-14,107-15,107-32,107-30,107-13
,3104,F, ,,,,,,Drayton,"107-01, 107-08",107-01,107-08,107-24,107-25,107-32,107-19
,3345,F,,,,,,,Drayton,"107-01, 107-08",107-08,107-26,107-16,107-19,107-28,107-14
,287,M,,, ,,,,Drayton,"107-01, 107-08",107-06,107-13,107-12,107-19,107-27,107-15
,349,M, ,, ,,,,Drayton,"107-01, 107-08",107-06,107-03,107-07,107-19,107-26,107-29
,3159,F, ,,,,,,Drayton,"107-01, 107-08",107-24,107-04,107-22,107-05,107-21,107-03
,4168,F, ,, ,,,,Drayton,"107-01, 107-08",107-24,107-32,107-17,107-25,107-09,107-28
,4297,M,Y,MTF, ,,,,Drayton,"107-01, 107-08",107-03,107-04,107-16,107-18,107-06,107-06
,308,M, ,, ,,,,Drayton,"107-01, 107-08",107-03,107-06,107-16,107-20,107-31,107-26
,426,F, ,,,,,,Drayton,"107-01, 107-08",107-03,107-07,107-12,107-15,107-20,107-23
,3830,M, ,,,,,,Drayton,"107-01, 107-08",107-28,107-23,107-18,107-11,107-10,107-29
,2898,F,,,,,,,Drayton,"107-01, 107-08",107-12,107-23,107-09,107-26,107-20,107-25
,3023,F, ,, ,,,,Drayton,"107-01, 107-08",107-02,107-07,107-09,107-03,107-29,107-14
,4132,F, ,, ,,,,Drayton,"107-01, 107-08",107-26,107-32,107-14,107-23,107-30,107-13
,789,F, ,, ,,,,Drayton,"107-01, 107-08",107-10,107-09,107-19,107-12,107-25,107-20
,938,M,Y,MTF,,,,,Drayton,"107-01, 107-08",107-10,107-09,107-23,107-17,107-12,107-29
,1417,M,Y,MGO,,,,,Drayton,"107-01, 107-08",107-10,107-28,107-13,107-18,107-19,107-02
,2757,F, ,,,,,,Drayton,"107-01, 107-08",107-22,107-24,107-25,107-20,107-09,107-18
,388,F, ,, ,,,,Drayton,"107-01, 107-08",107-07,107-20,107-23,107-18,107-28,107-05
,437,M, ,,,,,,Drayton,"107-01, 107-08",107-07,107-16,107-15,107-20,107-13,107-12
,499,M, ,,,,,,Drayton,"107-01, 107-08",107-07,107-14,107-09,107-15,107-31,107-19
,2105,F, ,, ,,,,Drayton,"107-01, 107-08",107-14,107-18,107-19,107-17,107-23,107-30
107-20,2516,M, ,,Y,,,,Drayton,"107-01, 107-08",107-14,107-20,107-16,107-29,107-30,107-19
,4433,M, ,,,,,,Drayton,"107-01, 107-08",107-31,107-02,107-03,107-07,107-04,107-06
,4571,M,Y,BB, ,,,,Drayton,"107-01, 107-08",107-31,107-04,107-03,107-29,107-30,107-12
,4291,M, ,, ,,,,Drayton,"107-01, 107-08",107-32,107-16,107-12,107-11,107-09,107-26
,112,M,,,Y,,,,Drayton,"107-01, 107-08",,,,,,
,2810,M,,,,,,,Drayton,"107-01, 107-08",,,,,,
,4333,F, ,,,,,,Drayton,"107-01, 107-08",,,,,,
,1719,M, ,, ,,,,Galaty,"107-06, 107-30",107-15,107-28,107-18,107-25,107-24,107-16
,3213,F, ,,,,,,Galaty,"107-06, 107-30",107-25,107-09,107-24,107-08,107-11,107-10
,83,F, ,,,,,,Galaty,"107-06, 107-30",107-05,107-09,107-10,107-07,107-04,107-28
,2591,F, ,,,,,,Galaty,"107-06, 107-30",107-21,107-26,107-19,107-22,107-18,107-17
,2642,M,Y,FB,,,,,Galaty,"107-06, 107-30",107-21,107-19,107-05,107-12,107-08,107-04
,2150,M,Y,"MGO, BB",,,,,Galaty,"107-06, 107-30",107-18,107-12,107-04,107-23,107-16,107-29
,2999,F, ,,,,,,Galaty,"107-06, 107-30",107-18,107-24,107-17,107-09,107-27,107-19
,1063,F, ,, ,,,,Galaty,"107-06, 107-30",107-19,107-09,107-11,107-01,107-03,107-12
,2180,F, ,,,,,,Galaty,"107-06, 107-30",107-19,107-03,107-09,107-07,107-25,107-10
,2207,F, ,,,,,,Galaty,"107-06, 107-30",107-19,107-09,107-08,107-20,107-28,107-22
,695,F, ,, ,,,,Galaty,"107-06, 107-30",107-09,107-19,107-25,107-03,107-32,107-08
,740,F, ,, ,,,,Galaty,"107-06, 107-30",107-09,107-18,107-26,107-25,107-08,107-32
107-19,2291,F, ,,Y,,,,Galaty,"107-06, 107-30",107-09,107-19,107-10,107-14,107-17,107-12
,623,M,,,,Y,,,Galaty,"107-06, 107-30",107-16,107-08,107-30,107-10,107-10,107-10
,1774,F,,,,Y,,,Galaty,"107-06, 107-30",107-16,107-08,107-09,107-16,107-08,107-09
,1816,M,Y,FB,,,,,Galaty,"107-06, 107-30",107-16,107-12,107-17,107-03,107-09,107-10
,3748,M, ,,,,,,Galaty,"107-06, 107-30",107-16,107-20,107-27,107-28,107-12,107-29
,628,M, ,, ,,,,Galaty,"107-06, 107-30",107-08,107-09,107-25,107-17,107-23,107-10
,3142,F,Y,SB, ,,,,Galaty,"107-06, 107-30",107-03,107-17,107-02,107-29,107-09,107-24
,1813,F, ,, ,,,,Galaty,"107-06, 107-30",107-17,107-03,107-10,107-19,107-13,107-32
,1952,F, ,,,,,,Galaty,"107-06, 107-30",107-17,107-19,107-09,107-27,107-08,107-18
,1305,M,Y,FB,,,,,Galaty,"107-06, 107-30",107-12,107-16,107-26,107-28,107-18,107-03
,4022,M,Y,MTF,,,,,Galaty,"107-06, 107-30",107-12,107-29,107-16,107-13,107-30,107-08
,4035,M,Y,"FB, BB",,,,,Galaty,"107-06, 107-30",107-12,107-29,107-11,107-13,107-10,107-16
,3389,F, ,,,,,,Galaty,"107-06, 107-30",107-26,107-28,107-20,107-17,107-25,107-15
,3468,F, ,, ,,,,Galaty,"107-06, 107-30",107-26,107-09,107-14,107-12,107-15,107-13
107-11,1113,F,,,Y,,,,Galaty,"107-06, 107-30",107-11,107-09,107-25,107-24,107-29,107-03
,1183,F,Y,SO, ,,,,Galaty,"107-06, 107-30",107-10,107-12,107-19,107-09,107-24,107-08
107-07,407,F,Y,WTN,Y,,,,Galaty,"107-06, 107-30",107-07,107-10,107-09,107-15,107-25,107-26
,1574,M,,,,,,,Galaty,"107-06, 107-30",107-14,107-26,107-29,107-09,107-13,107-16
,4380,F, ,,,,,,Galaty,"107-06, 107-30",107-31,107-02,107-12,107-32,107-29,107-29
,4558,M,,,,Y,,,Galaty,"107-06, 107-30",107-32,107-31,107-10,107-32,107-31,107-10
,2161,M,,,,,,,Galaty,"107-06, 107-30",,,,,,
,2380,F,,,,,,,Galaty,"107-06, 107-30",,,,,,
,19,M,,,,,,,Galaty,"107-06, 107-30",,,,,,
,132,M,,,,,,,Galaty,"107-06, 107-30",,,,,,
,1619,F,Y,SO,,,,,Gantt,,107-15,107-09,107-25,107-10,107-08,107-14
,1666,F, ,,,,,,Gantt,,107-15,107-09,107-19,107-08,107-01,107-24
,2589,F, ,,,,,,Gantt,,107-25,107-21,107-19,107-20,107-09,107-24
,3297,F, ,, ,,,,Gantt,,107-25,107-09,107-10,107-15,107-22,107-14
,2602,F, ,,,,,,Gantt,,107-21,107-08,107-25,107-29,107-18,107-12
,744,M, ,, ,,,,Gantt,,107-09,107-12,107-25,107-16,107-28,107-15
,792,F, ,, ,,,,Gantt,,107-09,107-10,107-16,107-19,107-22,107-32
,2419,F, ,,,,,,Gantt,,107-09,107-08,107-20,107-25,107-30,107-16
,2573,F, ,,,,,,Gantt,,107-09,107-19,107-21,107-10,107-27,107-30
,3106,F, ,,,,,,Gantt,,107-24,107-28,107-12,107-08,107-18,107-32
,4766,F,Y,SO, ,,,,Gantt,,107-03,107-04,107-17,107-09,107-24,107-29
,2023,F,Y,SO,,,,,Gantt,,107-17,107-19,107-09,107-32,107-08,107-14
,3131,F, ,, ,,,,Gantt,,107-12,107-24,107-08,107-29,107-25,107-10
,4328,F,,,,,,Y,Harp,107-27,,,,,,
,2903,F, ,,,,,,Healy,,107-23,107-08,107-10,107-11,107-24,107-15
,3045,F, ,,,,,,Healy,,107-23,107-19,107-24,107-25,107-30,107-32
,3035,F,Y,"SO, WTF",,,,,Healy,,107-20,107-26,107-24,107-18,107-15,107-28
,2475,M,Y,MGO  ,,,,,Healy,,107-19,107-20,107-10,107-07,107-24,107-18
,657,F, ,, ,,,,Healy,,107-09,107-10,107-15,107-19,107-25,107-17
107-14,1503,F, ,,Y,,,,Healy,,107-09,107-14,107-12,107-10,107-25,107-19
,1740,F, ,, ,,,,Healy,,107-16,107-26,107-08,107-24,107-18,107-25
,1222,F, ,, ,,,,Healy,,107-01,107-03,107-02,107-07,107-05,107-04
,2981,F, ,, ,,,,Healy,,107-24,107-15,107-19,107-12,107-09,107-16
,2108,F, ,,,,,,Healy,,107-28,107-18,107-17,107-29,107-12,107-14
,603,F, ,,,,,,Healy,,107-26,107-08,107-15,107-13,107-25,107-14
,3387,F, ,,,,,,Healy,,107-26,107-14,107-28,107-20,107-17,107-19
107-11,1022,F,Y,"WTF, SB",Y,,,,Healy,,107-11,107-12,107-29,107-10,107-18,107-23
,787,F,Y,WSW,,,,,Healy,,107-10,107-08,107-17,107-25,107-22,107-22
,2765,F, ,, ,,,,Healy,,107-22,107-18,107-26,107-14,107-10,107-32
,3950,F, ,,,,,,Healy,,107-22,107-29,107-23,107-30,107-21,107-13
,1511,F, ,,,,,,Healy,,107-14,107-15,107-25,107-30,107-18,107-21
,133,M,,,Y,,,,Healy,,,,,,,
,1724,M, ,,,,,,"Johnson, C",,107-15,107-17,107-13,107-08,107-16,107-12
,2624,F, ,,,,,,"Johnson, C",,107-25,107-21,107-09,107-12,107-24,107-14
,4397,F,Y,"WCC, WTF", ,,,,"Johnson, C",,107-25,107-31,107-12,107-16,107-10,107-32
107-23,2901,F,,,Y,,,,"Johnson, C",,107-23,107-28,107-17,107-18,107-08,107-24
,2124,F,,,,,,,"Johnson, C",,107-18,107-10,107-28,107-08,107-19,107-15
,1138,M,Y,MTF,,,,,"Johnson, C",,107-19,107-16,107-11,107-12,107-03,107-08
,2115,F, ,, ,,,,"Johnson, C",,107-19,107-18,107-20,107-10,107-09,107-28
,2192,F, ,, ,,,,"Johnson, C",,107-19,107-25,107-09,107-11,107-14,107-24
,2382,M, ,, ,,,,"Johnson, C",,107-19,107-10,107-09,107-11,107-24,107-25
107-30,4118,M, ,,Y,,,,"Johnson, C",,107-19,107-17,107-30,107-12,107-32,107-18
107-08,579,F, ,,Y,,,,"Johnson, C",,107-09,107-08,107-14,107-25,107-32,107-24
,721,F,Y,WTF,,,,,"Johnson, C",,107-09,107-10,107-08,107-18,107-25,107-12
,731,F, ,,,,,,"Johnson, C",,107-09,107-19,107-07,107-11,107-03,107-23
,1792,M, ,,,,,,"Johnson, C",,107-16,107-12,107-26,107-18,107-09,107-25
,1838,M,Y,MSW, ,,,,"Johnson, C",,107-16,107-19,107-09,107-12,107-10,107-23
,4416,F, ,,,,,,"Johnson, C",,107-16,107-31,107-11,107-08,107-19,107-10
,3563,F, ,,,,,,"Johnson, C",,107-01,107-09,107-10,107-11,107-26,107-32
,1096,F, ,,,,,,"Johnson, C",,107-01,107-08,107-23,107-12,107-32,107-25
,1610,F,Y,WCC,,,,,"Johnson, C",,107-08,107-15,107-18,107-09,107-22,107-13
107-30,4093,F,,,Y,,,,"Johnson, C",,107-08,107-30,107-18,107-14,107-24,107-29
,3611,F, ,, ,,,,"Johnson, C",,107-27,107-09,107-19,107-24,107-28,107-25
,3708,M,Y,"MCC, MTF", ,,,,"Johnson, C",,107-27,107-16,107-18,107-30,107-09,107-15
,1908,F, ,,,,,,"Johnson, C",,107-17,107-19,107-24,107-14,107-10,107-26
,2047,M,Y,MBK, ,,,,"Johnson, C",,107-17,107-03,107-12,107-09,107-32,107-10
,3906,M, ,, ,,,,"Johnson, C",,107-28,107-20,107-26,107-09,107-12,107-19
,1255,F,Y,"SO, WTF",,,,,"Johnson, C",,107-12,107-18,107-30,107-17,107-24,107-08
,1277,M,Y,FB, ,,,,"Johnson, C",,107-12,107-19,107-16,107-18,107-17,107-29
107-12,1285,M,Y,FB,Y,,,,"Johnson, C",,107-12,107-19,107-16,107-18,107-17,107-02
,685,F, ,,,,,,"Johnson, C",,107-02,107-01,107-04,107-18,107-25,107-21
,4024,M, ,,,,,,"Johnson, C",,107-29,107-15,107-17,107-28,107-18,107-30
,884,F, ,,,,,,"Johnson, C",,107-10,107-09,107-12,107-08,107-16,107-19
,997,M, ,,,,,,"Johnson, C",,107-10,107-12,107-23,107-19,107-09,107-24
,2679,F, ,,,,,,"Johnson, C",,107-22,107-14,107-23,107-25,107-24,107-09
,1340,F, ,, ,,,,"Johnson, C",,107-13,107-12,107-02,107-10,107-09,107-04
,1354,F, ,,,,,,"Johnson, C",,107-13,107-30,107-28,107-01,107-08,107-26
,3121,M,,,,,,,"Johnson, C",,,,,,,
107-15,1615,F,Y,WBK,Y,,,,"Johnson, L","107-03, 107-17",107-15,107-09,107-07,107-26,107-14,107-01
,87,F, ,,,,,,"Johnson, L","107-03, 107-17",107-05,107-06,107-01,107-02,107-10,107-18
,142,M, ,,,,,,"Johnson, L","107-03, 107-17",107-05,107-25,107-25,107-12,107-18,107-13
,166,M, ,,,,,,"Johnson, L","107-03, 107-17",107-05,107-06,107-02,107-31,107-10,107-12
,20,F, ,,,,,,"Johnson, L","107-03, 107-17",107-18,107-05,107-25,107-20,107-19,107-09
107-20,2418,F, ,,Y,,,,"Johnson, L","107-03, 107-17",107-20,107-18,107-17,107-30,107-26,107-10
,4019,M, ,, ,,,,"Johnson, L","107-03, 107-17",107-19,107-29,107-15,107-30,107-21,107-13
,3174,F,Y,VB, ,,,,"Johnson, L","107-03, 107-17",107-09,107-25,107-08,107-30,107-12,107-13
,924,F,Y,WSW,,,,,"Johnson, L","107-03, 107-17",107-16,107-10,107-32,107-08,107-12,107-09
,3464,F, ,,,,,,"Johnson, L","107-03, 107-17",107-16,107-26,107-14,107-18,107-23,107-13
,607,F, ,, ,,,,"Johnson, L","107-03, 107-17",107-01,107-26,107-31,107-07,107-15,107-24
,3105,F, ,, ,,,,"Johnson, L","107-03, 107-17",107-08,107-26,107-01,107-06,107-18,107-24
,3817,F,Y,WCR, ,,,,"Johnson, L","107-03, 107-17",107-08,107-01,107-32,107-12,107-24,107-23
,524,F, ,,,,,,"Johnson, L","107-03, 107-17",107-08,107-09,107-19,107-16,107-13,107-10
107-08,553,F,Y,WCR,Y,,,,"Johnson, L","107-03, 107-17",107-08,107-12,107-30,107-15,107-29,107-25
,639,M, ,, ,,,,"Johnson, L","107-03, 107-17",107-08,107-26,107-19,107-09,107-13,107-23
,1395,M,,,,,,,"Johnson, L","107-03, 107-17",107-08,107-13,107-31,107-12,107-29,107-02
,190,F, ,,,,,,"Johnson, L","107-03, 107-17",107-06,107-05,107-13,107-29,107-07,107-25
,1345,F, ,,,,,,"Johnson, L","107-03, 107-17",107-30,107-13,107-01,107-26,107-02,107-11
,4083,F, ,,,,,,"Johnson, L","107-03, 107-17",107-30,107-14,107-10,107-24,107-32,107-13
,1455,F,Y,SO, ,,,,"Johnson, L","107-03, 107-17",107-24,107-14,107-08,107-30,107-15,107-12
,3753,F, ,,,,,,"Johnson, L","107-03, 107-17",107-28,107-26,107-19,107-09,107-08,107-10
,1426,M,Y,"FB, MTF", ,,,,"Johnson, L","107-03, 107-17",107-12,107-23,107-13,107-29,107-06,107-26
,4222,M,Y,BB,,,,,"Johnson, L","107-03, 107-17",107-02,107-23,107-30,107-15,107-12,107-04
,562,M,Y,BB,,,,,"Johnson, L","107-03, 107-17",107-02,107-23,107-30,107-15,107-12,107-04
,3939,F, ,,,,,,"Johnson, L","107-03, 107-17",107-29,107-14,107-09,107-13,107-10,107-15
,1170,F, ,, ,,,,"Johnson, L","107-03, 107-17",107-26,107-12,107-10,107-32,107-18,107-25
,2997,F, ,, ,,,,"Johnson, L","107-03, 107-17",107-26,107-24,107-08,107-15,107-23,107-30
,1625,F, ,, ,,,,"Johnson, L","107-03, 107-17",107-10,107-02,107-01,107-31,107-06,107-09
,798,F, ,, ,,,,"Johnson, L","107-03, 107-17",107-10,107-09,107-25,107-30,107-14,107-15
,4070,F, ,, ,,,,"Johnson, L","107-03, 107-17",107-10,107-19,107-30,107-11,107-22,107-09
,4114,M,,,,Y,,,"Johnson, L","107-03, 107-17",107-10,107-30,107-22,107-09,107-32,107-19
,4236,F, ,,,,,,"Johnson, L","107-03, 107-17",107-10,107-32,107-28,107-13,107-11,107-29
,492,M, ,,,,,,"Johnson, L","107-03, 107-17",107-07,107-12,107-10,107-25,107-11,107-08
,4074,F, ,, ,,,,"Johnson, L","107-03, 107-17",107-14,107-30,107-12,107-28,107-20,107-23
,4100,M,Y,MTN,,,,,"Johnson, L","107-03, 107-17",107-14,107-30,107-12,107-28,107-19,107-15
,113,M,,,,,,,"Johnson, L","107-03, 107-17",,,,,,
,1716,M,Y,MTF,,,,,Lochner,,107-15,107-19,107-29,107-12,107-09,107-11
,2156,M,Y,FB,,,,,Lochner,,107-18,107-16,107-17,107-12,107-29,107-28
,2569,F, ,, ,,,,Lochner,,107-18,107-21,107-14,107-28,107-23,107-30
,4233,F, ,, ,,,,Lochner,,107-18,107-14,107-32,107-28,107-24,107-27
,652,F, ,, ,,,,Lochner,,107-09,107-19,107-25,107-24,107-21,107-15
,3247,F,,,,,,,Lochner,,107-09,107-25,107-19,107-16,107-10,107-12
,3515,F, ,, ,,,,Lochner,,107-09,107-27,107-12,107-24,107-16,107-25
,1130,M, ,,,,,,Lochner,,107-16,107-11,107-32,107-25,107-10,107-12
,26,F,Y,WCR,,,,,Lochner,,107-01,107-09,107-32,107-30,107-13,107-08
,533,F,Y,WSW,,,,,Lochner,,107-08,107-28,107-17,107-32,107-13,107-11
,424,F, ,,,,,,Lochner,,107-03,107-07,107-06,107-04,107-18,107-05
,2722,F, ,, ,,,,Lochner,,107-17,107-15,107-22,107-03,107-06,107-30
,3779,F, ,,,,,,Lochner,,107-28,107-12,107-30,107-18,107-31,107-16
,1299,M,Y,MGO, ,,,,Lochner,,107-12,107-18,107-23,107-16,107-15,107-08
,3918,F, ,, ,,,,Lochner,,107-29,107-09,107-08,107-24,107-19,107-12
,370,F, ,,,,,,Lochner,,107-07,107-14,107-28,107-19,107-17,107-03
,4431,M, ,,,,,,Lochner,,107-31,107-13,107-01,107-02,107-23,107-30
,793,F,,,,,,,Lochner,,,,,,,
,2633,M,,,,,,,Lochner,,,,,,,
,1626,F, ,,,,,,Mirabile,"107-02, 107-29",107-15,107-10,107-25,107-30,107-09,107-31
,2863,F, ,,,,,,Mirabile,"107-02, 107-29",107-23,107-09,107-20,107-19,107-11,107-10
107-18,2148,M, ,,Y,,,,Mirabile,"107-02, 107-29",107-18,107-16,107-28,107-23,107-12,107-08
,1331,F, ,,,,,,Mirabile,"107-02, 107-29",107-20,107-14,107-15,107-13,107-17,107-16
,1142,M,,,,,,,Mirabile,"107-02, 107-29",107-19,107-17,107-29,107-11,107-16,107-30
,2299,F,Y,WTN, ,,,,Mirabile,"107-02, 107-29",107-19,107-19,107-10,107-12,107-24,107-24
,2682,F,Y,VB,,,,,Mirabile,"107-02, 107-29",107-09,107-12,107-22,107-26,107-32,107-17
,1732,F, ,,,,,,Mirabile,"107-02, 107-29",107-16,107-23,107-12,107-13,107-27,107-15
,16,M,,,,,,,Mirabile,"107-02, 107-29",107-01,107-03,107-04,107-01,107-03,107-04
,515,F, ,,,,,,Mirabile,"107-02, 107-29",107-08,107-10,107-14,107-13,107-09,107-30
,602,F, ,,,,,,Mirabile,"107-02, 107-29",107-08,107-26,107-32,107-17,107-18,107-25
,233,F, ,,,,,,Mirabile,"107-02, 107-29",107-06,107-03,107-05,107-09,107-11,107-30
,225,F, ,,,,,,Mirabile,"107-02, 107-29",107-30,107-06,107-08,107-19,107-16,107-12
,3685,M, ,,,,,,Mirabile,"107-02, 107-29",107-27,107-22,107-08,107-25,107-23,107-13
,3020,F, ,, ,,,,Mirabile,"107-02, 107-29",107-24,107-09,107-19,107-12,107-11,107-21
,3544,F, ,, ,,,,Mirabile,"107-02, 107-29",107-24,107-27,107-19,107-26,107-20,107-14
,4017,M,Y,FB, ,,,,Mirabile,"107-02, 107-29",107-03,107-19,107-17,107-12,107-02,107-29
,2868,M,Y,MTN, ,,,,Mirabile,"107-02, 107-29",107-03,107-12,107-17,107-04,107-19,107-23
,92,F, ,,,,,,Mirabile,"107-02, 107-29",107-03,107-05,107-06,107-01,107-10,107-11
,1376,F, ,, ,,,,Mirabile,"107-02, 107-29",107-17,107-18,107-13,107-30,107-09,107-32
,3845,M, ,, ,,,,Mirabile,"107-02, 107-29",107-28,107-14,107-18,107-16,107-20,107-23
,1613,M,Y,FB,,,,,Mirabile,"107-02, 107-29",107-12,107-03,107-19,107-03,107-04,107-22
,1664,M,Y,"FB, BB", ,,,,Mirabile,"107-02, 107-29",107-12,107-03,107-17,107-19,107-23,107-18
107-12,1279,M, ,,Y,,,,Mirabile,"107-02, 107-29",107-12,107-28,107-09,107-23,107-16,107-15
,46,F, ,, ,,,,Mirabile,"107-02, 107-29",107-26,107-07,107-01,107-18,107-10,107-31
,168,F, ,,,,,,Mirabile,"107-02, 107-29",107-26,107-01,107-27,107-16,107-19,107-25
,3378,F, ,, ,,,,Mirabile,"107-02, 107-29",107-26,107-14,107-17,107-28,107-10,107-09
,3419,F,,,,,,,Mirabile,"107-02, 107-29",107-26,107-18,107-09,107-14,107-28,107-24
,3450,F, ,,,,,,Mirabile,"107-02, 107-29",107-26,107-09,107-19,107-08,107-25,107-32
,3470,F, ,,,,,,Mirabile,"107-02, 107-29",107-26,107-16,107-08,107-10,107-13,107-19
,1111,F, ,,,,,,Mirabile,"107-02, 107-29",107-11,107-10,107-08,107-09,107-12,107-23
,1749,F,Y,SO, ,,,,Mirabile,"107-02, 107-29",107-10,107-03,107-17,107-04,107-22,107-12
,413,F, ,,,,,,Mirabile,"107-02, 107-29",107-07,107-26,107-13,107-25,107-06,107-04
,2395,M,,,,,,,Mirabile,"107-02, 107-29",,,,,,
,2913,F,,,Y,,,,Mirabile,"107-02, 107-29",,,,,,
,4352,F,,,,,,,Mirabile,"107-02, 107-29",,,,,,
,4565,F,,,,Y,,Y,Petersen,107-11,,,,,,
,1310,F, ,, ,,,,Reed,"107-04, 107-22",107-15,107-13,107-25,107-23,107-28,107-20
,2963,M, ,,,,,,Reed,"107-04, 107-22",107-23,107-12,107-16,107-24,107-08,107-19
,2452,M,Y,MSW,,,,,Reed,"107-04, 107-22",107-20,107-23,107-06,107-18,107-08,107-29
,2455,M,Y,MCR, ,,,,Reed,"107-04, 107-22",107-20,107-16,107-23,107-18,107-26,107-26
,536,F, ,,,,,,Reed,"107-04, 107-22",107-19,107-08,107-09,107-25,107-24,107-14
,619,F, ,,,,,,Reed,"107-04, 107-22",107-19,107-08,107-09,107-25,107-24,107-14
,1290,M,Y,"FB, BB", ,,,,Reed,"107-04, 107-22",107-19,107-12,107-03,107-09,107-16,107-10
,2330,M, ,,,,,,Reed,"107-04, 107-22",107-19,107-17,107-15,107-16,107-17,107-08
,2386,M,Y,FB,,,,,Reed,"107-04, 107-22",107-19,107-12,107-17,107-03,107-10,107-16
,3372,F, ,, ,,,,Reed,"107-04, 107-22",107-19,107-26,107-08,107-18,107-17,107-24
,4235,F,,,,,,,Reed,"107-04, 107-22",107-19,107-32,107-09,107-27,107-08,107-13
,261,M,,,,,,,Reed,"107-04, 107-22",107-09,107-19,107-06,107-16,107-23,107-26
,687,F,,,,,,,Reed,"107-04, 107-22",107-09,107-19,107-08,107-05,107-18,107-01
,1785,F, ,, ,,,,Reed,"107-04, 107-22",107-09,107-16,107-25,107-10,107-01,107-08
,1898,F,Y,WBK, ,,,,Reed,"107-04, 107-22",107-09,107-17,107-14,107-19,107-16,107-10
,1997,F,Y,WBK, ,,,,Reed,"107-04, 107-22",107-09,107-17,107-03,107-14,107-19,107-16
,3282,F, ,,,,,,Reed,"107-04, 107-22",107-09,107-25,107-10,107-17,107-19,107-12
,4159,F,,,,Y,,,Reed,"107-04, 107-22",107-09,107-32,107-10,107-08,107-14,107-21
,1787,F, ,,,,,,Reed,"107-04, 107-22",107-16,107-09,107-10,107-01,107-02,107-11
,3569,F,Y,WCR,,,,,Reed,"107-04, 107-22",107-08,107-01,107-23,107-13,107-16,107-30
,507,F, ,,,,,,Reed,"107-04, 107-22",107-08,107-19,107-25,107-26,107-12,107-18
,529,F, ,, ,,,,Reed,"107-04, 107-22",107-08,107-09,107-16,107-15,107-13,107-07
,627,M, ,, ,,,,Reed,"107-04, 107-22",107-08,107-12,107-23,107-19,107-24,107-24
,4387,F, ,, ,,,,Reed,"107-04, 107-22",107-08,107-19,107-26,107-31,107-09,107-05
,3702,M,Y,"MCC, MTF",,,,,Reed,"107-04, 107-22",107-27,107-12,107-20,107-19,107-16,107-32
107-24,2995,F,Y,WTF,Y,,,,Reed,"107-04, 107-22",107-24,107-08,107-09,107-32,107-29,107-10
,3928,F, ,, ,,,,Reed,"107-04, 107-22",107-24,107-09,107-29,107-10,107-30,107-32
,2335,F,Y,WTF,,,,,Reed,"107-04, 107-22",107-03,107-16,107-26,107-14,107-21,107-20
,2859,F, ,,,,,,Reed,"107-04, 107-22",107-03,107-17,107-07,107-19,107-26,107-15
,2926,M,Y,MGO, ,,,,Reed,"107-04, 107-22",107-03,107-12,107-15,107-28,107-13,107-04
107-15,1681,M, ,,Y,,,,Reed,"107-04, 107-22",107-03,107-15,107-18,107-26,107-17,107-07
,1490,F, ,, ,,,,Reed,"107-04, 107-22",107-17,107-14,107-30,107-18,107-12,107-28
,1643,F, ,, ,,,,Reed,"107-04, 107-22",107-17,107-15,107-09,107-08,107-10,107-14
,2042,M,Y,FB,,,,,Reed,"107-04, 107-22",107-17,107-17,107-19,107-19,107-17,107-17
,375,F, ,, ,,,,Reed,"107-04, 107-22",107-28,107-07,107-09,107-11,107-17,107-26
,1578,M, ,, ,,,,Reed,"107-04, 107-22",107-28,107-14,107-08,107-19,107-12,107-15
,86,F,,,,,,,Reed,"107-04, 107-22",107-26,107-05,107-09,107-25,107-10,107-07
,3335,F, ,, ,,,,Reed,"107-04, 107-22",107-26,107-14,107-12,107-08,107-30,107-09
107-10,900,F, ,,Y,,,,Reed,"107-04, 107-22",107-10,107-20,107-17,107-28,107-26,107-32
,1445,F,,,,,,,Reed,"107-04, 107-22",107-14,107-17,107-09,107-18,107-10,107-28
,741,M,,,,,,,Reed,"107-04, 107-22",,,,,,
,45,F,,,,,,,Reed,"107-04, 107-22",,,,,,
,2661,M,,,,,,Y,Reed,"107-04, 107-22",,,,,,
,3698,M,,,,,,,Reed,"107-04, 107-22",,,,,,
,1592,F, ,, ,,,,Ritchey,"107-07, 107-14",107-15,107-26,107-12,107-09,107-10,107-19
,1670,M, ,, ,,,,Ritchey,"107-07, 107-14",107-15,107-19,107-16,107-09,107-26,107-10
,3802,F, ,,,,,,Ritchey,"107-07, 107-14",107-15,107-28,107-09,107-17,107-25,107-20
,3901,M, ,, ,,,,Ritchey,"107-07, 107-14",107-15,107-28,107-18,107-24,107-26,107-14
,3151,F,Y,"WCC, WTF",,,,,Ritchey,"107-07, 107-14",107-25,107-23,107-08,107-10,107-18,107-24
107-21,2553,F, ,,Y,,,,Ritchey,"107-07, 107-14",107-21,107-06,107-17,107-10,107-28,107-18
,1101,F, ,, ,,,,Ritchey,"107-07, 107-14",107-18,107-09,107-11,107-10,107-32,107-24
,2161,M, ,,,,,,Ritchey,"107-07, 107-14",107-18,107-12,107-26,107-19,107-09,107-08
,2806,M, ,,,,,,Ritchey,"107-07, 107-14",107-18,107-22,107-28,107-10,107-12,107-23
,2399,F, ,, ,,,,Ritchey,"107-07, 107-14",107-20,107-17,107-12,107-19,107-08,107-09
,2412,F, ,,,,,,Ritchey,"107-07, 107-14",107-20,107-17,107-09,107-19,107-10,107-11
,2518,M,Y,MCR,,,,,Ritchey,"107-07, 107-14",107-20,107-18,107-28,107-09,107-03,107-15
,1030,F, ,, ,,,,Ritchey,"107-07, 107-14",107-19,107-09,107-11,107-24,107-26,107-29
,1714,M, ,, ,,,,Ritchey,"107-07, 107-14",107-19,107-15,107-28,107-17,107-09,107-08
,2985,F, ,, ,,,,Ritchey,"107-07, 107-14",107-19,107-24,107-17,107-03,107-09,107-26
,3147,M, ,,,,,,Ritchey,"107-07, 107-14",107-19,107-24,107-17,107-09,107-10,107-11
,3339,F, ,, ,,,,Ritchey,"107-07, 107-14",107-19,107-26,107-24,107-25,107-32,107-22
,4205,F, ,, ,,,,Ritchey,"107-07, 107-14",107-19,107-17,107-09,107-32,107-24,107-28
,662,F, ,,,,,,Ritchey,"107-07, 107-14",107-09,107-19,107-26,107-14,107-24,107-13
,2236,F, ,, ,,,,Ritchey,"107-07, 107-14",107-09,107-19,107-08,107-16,107-24,107-32
,3215,F, ,, ,,,,Ritchey,"107-07, 107-14",107-09,107-25,107-10,107-08,107-16,107-18
,1726,F, ,, ,,,,Ritchey,"107-07, 107-14",107-16,107-26,107-08,107-12,107-24,107-18
,1877,M, ,,,,,,Ritchey,"107-07, 107-14",107-16,107-15,107-28,107-07,107-14,107-18
,3199,M, ,,,,,,Ritchey,"107-07, 107-14",107-01,107-02,107-03,107-06,107-05,107-31
,600,F, ,,,,,,Ritchey,"107-07, 107-14",107-08,107-18,107-19,107-03,107-09,107-27
,3760,F, ,,,,,,Ritchey,"107-07, 107-14",107-08,107-28,107-26,107-19,107-32,107-27
,348,M, ,,,,,,Ritchey,"107-07, 107-14",107-06,107-05,107-03,107-27,107-13,107-02
,205,F, ,, ,,,,Ritchey,"107-07, 107-14",107-30,107-06,107-17,107-08,107-20,107-21
,4108,M, ,,,,,,Ritchey,"107-07, 107-14",107-30,107-12,107-08,107-17,107-06,107-03
,3043,F,Y,SO, ,,,,Ritchey,"107-07, 107-14",107-03,107-09,107-24,107-08,107-18,107-12
,139,F,Y,"VO, WTF",,,,,Ritchey,"107-07, 107-14",107-17,107-02,107-24,107-01,107-10,107-09
,2025,F, ,, ,,,,Ritchey,"107-07, 107-14",107-17,107-10,107-15,107-19,107-28,107-20
,2059,M,,,,,,,Ritchey,"107-07, 107-14",107-17,107-19,107-10,107-28,107-12,107-32
,2154,M, ,, ,,,,Ritchey,"107-07, 107-14",107-28,107-18,107-09,107-29,107-10,107-19
,3605,F, ,,,,,,Ritchey,"107-07, 107-14",107-28,107-27,107-18,107-10,107-24,107-15
,3767,F, ,,,,,,Ritchey,"107-07, 107-14",107-28,107-17,107-30,107-08,107-18,107-23
,3812,F, ,,,,,,Ritchey,"107-07, 107-14",107-28,107-15,107-26,107-19,107-25,107-24
,3834,M, ,,,,,,Ritchey,"107-07, 107-14",107-28,107-18,107-08,107-32,107-17,107-30
,1257,F,,,,,,,Ritchey,"107-07, 107-14",107-12,107-18,107-32,107-09,107-11,107-25
,1858,F, ,,,,,,Ritchey,"107-07, 107-14",107-26,107-03,107-28,107-24,107-13,107-25
,3423,F, ,,,,,,Ritchey,"107-07, 107-14",107-26,107-24,107-09,107-01,107-18,107-25
,3467,F,Y,"SO, WTN", ,,,,Ritchey,"107-07, 107-14",107-26,107-09,107-19,107-24,107-32,107-17
,4173,F, ,,,,,,Ritchey,"107-07, 107-14",107-26,107-32,107-24,107-28,107-30,107-10
,3578,F, ,, ,,,,Ritchey,"107-07, 107-14",107-10,107-19,107-02,107-09,107-30,107-25
,862,F,,, ,,,,Ritchey,"107-07, 107-14",107-10,107-09,107-19,107-25,107-32,107-08
,2770,F, ,, ,,,,Ritchey,"107-07, 107-14",107-22,107-15,107-25,107-30,107-13,107-21
,4329,F, ,,,,,,Ritchey,"107-07, 107-14",107-31,107-18,107-16,107-28,107-32,107-32
,4298,M, ,, ,,,,Ritchey,"107-07, 107-14",107-32,107-15,107-08,107-24,107-29,107-10
,4299,M, ,,,,,,Ritchey,"107-07, 107-14",107-32,107-20,107-15,107-27,107-19,107-25
,1338,F,Y,WTN,, ,,,Ritchey,"107-07, 107-14",107-13,107-06,107-30,107-28,107-23,107-10
,4583,F,,,Y,,,,Ritchey,"107-07, 107-14",,,,,,
,33,F,,,,,,,Ritchey,"107-07, 107-14",,,,,,
,3600,F,,,,,,Y,Ritchey,"107-07, 107-14",,,,,,
,2560,F,,,,Y,,,Roberts,"107-31, 107-32",107-25,107-21,107-22,107-10,107-09,107-18
,3218,F, ,,,,,,Roberts,"107-31, 107-32",107-25,107-03,107-09,107-17,107-19,107-24
,2147,M,,,,,,,Roberts,"107-31, 107-32",107-18,107-12,107-08,107-28,107-23,107-29
,2159,M, ,, ,,,,Roberts,"107-31, 107-32",107-18,107-12,107-20,107-18,107-12,107-20
,970,M,Y,FB,,,,,Roberts,"107-31, 107-32",107-19,107-10,107-16,107-24,107-09,107-25
,2278,F, ,,,,,,Roberts,"107-31, 107-32",107-19,107-09,107-31,107-28,107-10,107-17
,729,F,,,,Y,,,Roberts,"107-31, 107-32",107-09,107-10,107-30,107-26,107-12,107-08
,3366,F, ,, ,,,,Roberts,"107-31, 107-32",107-09,107-26,107-08,107-28,107-19,107-25
,1530,M, ,,,,,,Roberts,"107-31, 107-32",107-16,107-15,107-14,107-30,107-08,107-27
,1828,M, ,,,,,,Roberts,"107-31, 107-32",107-16,107-23,107-15,107-12,107-29,107-18
,2955,M,,,,,,,Roberts,"107-31, 107-32",107-16,107-23,107-18,107-09,107-15,107-28
,1025,F, ,,,,,,Roberts,"107-31, 107-32",107-08,107-01,107-18,107-26,107-12,107-19
,2389,F,Y,WTN,,,,,Roberts,"107-31, 107-32",107-08,107-01,107-25,107-19,107-13,107-30
,252,F,,,,Y,,,Roberts,"107-31, 107-32",107-30,107-06,107-03,107-16,107-10,107-19
,2166,M, ,, ,,,,Roberts,"107-31, 107-32",107-28,107-18,107-26,107-30,107-16,107-24
,3903,M, ,, ,,,,Roberts,"107-31, 107-32",107-28,107-19,107-25,107-22,107-19,107-24
,104,F,,,,,,,Roberts,"107-31, 107-32",107-12,107-05,107-29,107-09,107-25,107-32
,1227,F, ,,,,,,Roberts,"107-31, 107-32",107-12,107-32,107-19,107-25,107-21,107-16
,1386,F,,,,,,,Roberts,"107-31, 107-32",107-12,107-09,107-13,107-21,107-08,107-18
,3714,M, ,, ,,,,Roberts,"107-31, 107-32",107-12,107-27,107-14,107-26,107-13,107-11
107-26,3349,F, ,,Y,,,,Roberts,"107-31, 107-32",107-26,107-18,107-24,107-23,107-14,107-13
,1577,F,Y,SO , ,,,,Roberts,"107-31, 107-32",107-11,107-02,107-26,107-20,107-23,107-23
,1011,F, ,,,,,,Roberts,"107-31, 107-32",107-11,107-18,107-24,107-19,107-21,107-12
,1057,F, ,,,,,,Roberts,"107-31, 107-32",107-11,107-25,107-13,107-01,107-26,107-15
,351,F, ,,,,,,Roberts,"107-31, 107-32",107-04,107-22,107-09,107-25,107-10,107-18
,2750,F, ,,,,,,Roberts,"107-31, 107-32",107-22,107-10,107-09,107-08,107-24,107-11
,439,M, ,, ,,,,Roberts,"107-31, 107-32",107-07,107-14,107-10,107-16,107-32,107-31
107-14,1474,F, ,,Y,,,,Roberts,"107-31, 107-32",107-14,107-26,107-24,107-30,107-17,107-20
,138,M,,,,,,,Roberts,"107-31, 107-32",,,,,,
,2629,M,,,,,,,Roberts,"107-31, 107-32",,,,,,
,3540,F,,,,,,,Roberts,"107-31, 107-32",,,,,,
,3225,F, ,,,,,,Rothenfluch,,107-25,107-09,107-10,107-19,107-24,107-08
,3332,F, ,,,,,,Rothenfluch,,107-25,107-19,107-26,107-10,107-31,107-32
,2773,F, ,, ,,,,Rothenfluch,,107-23,107-12,107-08,107-22,107-25,107-11
,2966,M,,,,,,,Rothenfluch,,107-23,107-18,107-12,107-29,107-19,107-24
,2123,F, ,,,,,,Rothenfluch,,107-18,107-08,107-25,107-32,107-10,107-09
,2127,F, ,,,,,,Rothenfluch,,107-18,107-17,107-15,107-16,107-14,107-10
,2639,M, ,,,,,,Rothenfluch,,107-18,107-21,107-12,107-30,107-23,107-32
,683,F, ,,,,,,Rothenfluch,,107-09,107-10,107-19,107-25,107-24,107-14
,706,F, ,, ,,,,Rothenfluch,,107-09,107-19,107-10,107-25,107-32,107-08
,3283,F, ,, ,,,,Rothenfluch,,107-09,107-25,107-10,107-08,107-14,107-24
,1806,M,,,,,,,Rothenfluch,,107-16,107-19,107-10,107-12,107-11,107-09
,1847,M, ,,,,,,Rothenfluch,,107-16,107-20,107-28,107-30,107-23,107-15
,2501,F, ,,,,,,Rothenfluch,,107-03,107-17,107-08,107-11,107-32,107-32
,100,F,,, ,,,,Rothenfluch,,107-03,107-05,107-25,107-19,107-09,107-13
,1949,F, ,, ,,,,Rothenfluch,,107-17,107-19,107-08,107-10,107-09,107-24
,2012,F, ,,,,,,Rothenfluch,,107-17,107-15,107-12,107-22,107-30,107-08
,2869,F, ,,,,,,Rothenfluch,,107-17,107-23,107-10,107-25,107-32,107-14
,1172,F,,,,,,,Rothenfluch,,107-12,107-19,107-24,107-32,107-25,107-09
,1182,F,,,,,,,Rothenfluch,,107-12,107-26,107-31,107-19,107-29,107-23
,173,F, ,, ,,,,Rothenfluch,,107-26,107-18,107-06,107-17,107-23,107-14
,1080,F, ,,,,,,Rothenfluch,,107-11,107-18,107-32,107-12,107-08,107-16
,1094,F, ,, ,,,,Rothenfluch,,107-11,107-10,107-25,107-24,107-08,107-09
,800,F, ,, ,,,,Rothenfluch,,107-10,107-09,107-08,107-26,107-19,107-15
,917,F, ,,,,,,Rothenfluch,,107-10,107-18,107-19,107-08,107-01,107-11
,964,M, ,, ,,,,Rothenfluch,,107-10,107-19,107-32,107-12,107-09,107-17
,2740,F, ,, ,,,,Rothenfluch,,107-10,107-22,107-25,107-09,107-29,107-17
,3204,F,Y,WSW,,,,,Rothenfluch,,107-10,107-25,107-09,107-17,107-18,107-32
,1508,F, ,,,,,,Rothenfluch,,107-14,107-24,107-29,107-12,107-26,107-10
,1370,F, ,,,,,,Rothenfluch,,107-13,107-21,107-20,107-01,107-10,107-22
,2630,M,,,,,,,Rothenfluch,,,,,,,
,2058,F,,,,,,Y,Schestag,,,,,,,
,2831,F, ,,,,,,Smith,,107-23,107-09,107-15,107-32,107-29,107-10
,2107,F, ,,,,,,Smith,,107-18,107-10,107-09,107-22,107-30,107-24
,1128,F, ,,,,,,Smith,,107-20,107-11,107-14,107-12,107-16,107-19
107-28,3824,M, ,,Y,,,,Smith,,107-20,107-28,107-16,107-26,107-19,107-09
107-29,3994,F, ,,Y,,,,Smith,,107-20,107-19,107-29,107-08,107-28,107-24
,2169,F,,,,,Y,,Smith,,107-19,107-09,107-10,107-17,107-12,107-31
,511,F, ,,,,,,Smith,,107-09,107-08,107-28,107-13,107-15,107-19
,3634,M,Y,MTF,,,,,Smith,,107-09,107-19,107-27,107-17,107-10,107-12
,1852,M, ,,,,,,Smith,,107-16,107-15,107-03,107-08,107-24,107-30
,212,F,,,,,,,Smith,,107-30,107-06,107-20,107-26,107-17,107-08
,1810,M,Y,BB,,,Y,,Smith,,107-03,107-19,107-12,107-17,107-05,107-21
,2060,M, ,,,,,,Smith,,107-28,107-17,107-27,107-20,107-09,107-32
,2932,M, ,, ,,,,Smith,,107-12,107-23,107-29,107-10,107-09,107-28
,4000,F, ,, ,,,,Smith,,107-29,107-28,107-20,107-25,107-16,107-26
,438,M, ,,,,,,Smith,,107-07,107-21,107-15,107-19,107-32,107-01
,2478,M,,,,,,,Smith,,,,,,,
,2839,F, ,, ,,,,Smith-Cannoy,,107-23,107-28,107-18,107-24,107-08,107-22
,2530,M, ,, ,,,,Smith-Cannoy,,107-20,107-17,107-03,107-23,107-12,107-18
,696,F,Y,WTF,,,,,Smith-Cannoy,,107-09,107-12,107-10,107-32,107-11,107-29
,1789,M, ,, ,,,,Smith-Cannoy,,107-16,107-10,107-12,107-15,107-09,107-28
,1798,M, ,, ,,,,Smith-Cannoy,,107-16,107-19,107-09,107-12,107-23,107-26
,560,F,Y,WCR, ,,,,Smith-Cannoy,,107-08,107-24,107-19,107-32,107-25,107-30
,4082,F, ,,,,,,Smith-Cannoy,,107-30,107-10,107-12,107-32,107-18,107-19
,4089,F, ,,,,,,Smith-Cannoy,,107-30,107-17,107-08,107-19,107-28,107-15
,3792,F,Y,SB,,,,,Smith-Cannoy,,107-03,107-17,107-02,107-29,107-09,107-24
,2611,F, ,, ,,,,Smith-Cannoy,,107-03,107-10,107-21,107-19,107-26,107-12
,1977,F, ,,,,,,Smith-Cannoy,,107-17,107-28,107-18,107-12,107-26,107-14
,3801,F,Y,WCR,,,,,Smith-Cannoy,,107-28,107-14,107-26,107-24,107-13,107-17
,1252,F, ,, ,,,,Smith-Cannoy,,107-12,107-19,107-09,107-16,107-08,107-17
,2886,F, ,,,,,,Smith-Cannoy,,107-12,107-23,107-09,107-10,107-32,107-21
,845,F, ,,,,,,Smith-Cannoy,,107-10,107-25,107-19,107-22,107-23,107-09
,846,F, ,,,,,,Smith-Cannoy,,107-10,107-09,107-17,107-22,107-21,107-25
,2758,F,Y,SO,,,,,Smith-Cannoy,,107-22,107-25,107-11,107-10,107-09,107-19
,1514,M, ,,,,,,Smith-Cannoy,,107-14,107-09,107-25,107-21,107-10,107-16
,4580,M,,,Y,,,,Smith-Cannoy,,,,,,,
,1669,M,Y,MTF, ,,,,Sweek,107-13,107-15,107-16,107-18,107-28,107-25,107-03
,2867,F, ,, ,,,,Sweek,107-13,107-23,107-16,107-15,107-27,107-26,107-30
,2923,M, ,,,,,,Sweek,107-13,107-23,107-18,107-08,107-18,107-11,107-15
,2029,M, ,, ,,,,Sweek,107-13,107-09,107-19,107-15,107-01,107-12,107-10
,783,M, ,, ,,,,Sweek,107-13,107-09,107-19,107-28,107-12,107-10,107-10
,3078,F, ,,,,,,Sweek,107-13,107-09,107-18,107-24,107-19,107-11,107-26
,4050,F, ,,,,,,Sweek,107-13,107-09,107-30,107-32,107-25,107-23,107-08
107-08,625,M,Y,MTF,Y,,,,Sweek,107-13,107-16,107-08,107-18,107-30,107-15,107-09
,2043,M, ,,,,,,Sweek,107-13,107-16,107-17,107-25,107-19,107-26,107-20
,4058,F, ,,,,,,Sweek,107-13,107-30,107-16,107-15,107-28,107-08,107-26
,3797,F, ,,,,,,Sweek,107-13,107-28,107-26,107-18,107-23,107-24,107-12
,4066,F, ,, ,,,,Sweek,107-13,107-28,107-30,107-09,107-21,107-29,107-17
,3945,F, ,,,,,,Sweek,107-13,107-26,107-29,107-08,107-19,107-24,107-09
,1463,F, ,, ,,,,Sweek,107-13,107-14,107-26,107-30,107-09,107-29,107-19
,4508,F,,,,,,,Sweek,107-13,,,,,,
,469,M,,,, ,,,Sweek,107-13,,,,,,
,2783,M,,,,Y,,,Sweek,107-13,,,,,,
,3710,M,,,,,,,Sweek,107-13,,,,,,
,4595,M,,,,,,,Sweek,107-13,,,,,,
,1499,F, ,, ,,,,Szybist,,107-15,107-14,107-30,107-12,107-29,107-26
,3292,F, ,,,,,,Szybist,,107-25,107-15,107-19,107-18,107-23,107-08
,2550,F,,,,,,,Szybist,,107-21,107-30,107-09,107-17,107-24,107-10
,2909,F, ,,,,,,Szybist,,107-23,107-12,107-15,107-18,107-07,107-29
,2114,F, ,,,,,,Szybist,,107-18,107-15,107-23,107-13,107-12,107-16
,356,M, ,,,,,,Szybist,,107-19,107-06,107-02,107-08,107-27,107-12
,2221,F, ,, ,,,,Szybist,,107-19,107-09,107-24,107-32,107-29,107-17
,3875,M, ,, ,,,,Szybist,,107-19,107-10,107-28,107-18,107-23,107-12
,4012,M, ,, ,,,,Szybist,,107-19,107-09,107-29,107-30,107-16,107-02
,686,F, ,, ,,,,Szybist,,107-09,107-10,107-17,107-32,107-19,107-27
,3819,F, ,,,,,,Szybist,,107-09,107-28,107-14,107-19,107-27,107-25
,1999,F, ,,,,,,Szybist,,107-03,107-17,107-20,107-07,107-12,107-23
,95,F, ,,,,,,Szybist,,107-03,107-05,107-18,107-19,107-22,107-25
,359,F, ,, ,,,,Szybist,,107-17,107-07,107-10,107-24,107-09,107-18
,1667,F,Y,VB,,,,,Szybist,,107-17,107-15,107-24,107-14,107-09,107-12
,3457,F, ,,,,,,Szybist,,107-26,107-19,107-17,107-10,107-24,107-09
,2599,F, ,, ,,,,Szybist,,107-14,107-22,107-21,107-19,107-30,107-15
,3808,F, ,,,,,,Szybist,,107-14,107-28,107-15,107-07,107-20,107-26
,2499,M, ,, ,,,,Westervelt,,107-15,107-20,107-11,107-30,107-29,107-14
,2919,M, ,,,,,,Westervelt,,107-23,107-18,107-29,107-12,107-08,107-26
,2462,M, ,, ,,,,Westervelt,,107-20,107-28,107-25,107-30,107-12,107-22
,2301,M,,,,,,,Westervelt,,107-19,107-09,107-10,107-25,107-13,107-32
,2328,M, ,,,,,,Westervelt,,107-19,107-12,107-18,107-09,107-23,107-30
,1424,M, ,,,,,,Westervelt,,107-09,107-13,107-25,107-24,107-21,107-19
,3037,F, ,, ,,,,Westervelt,,107-09,107-24,107-14,107-23,107-20,107-25
,3150,M, ,, ,,,,Westervelt,,107-16,107-24,107-29,107-12,107-09,107-23
,4300,M, ,, ,,,,Westervelt,,107-16,107-10,107-32,107-12,107-19,107-09
,2039,M, ,, ,,,,Westervelt,,107-02,107-28,107-15,107-18,107-06,107-20
,826,F, ,,,,,,Westervelt,,107-26,107-10,107-19,107-17,107-21,107-29
,1074,F, ,, ,,,,Westervelt,,107-10,107-11,107-22,107-24,107-25,107-19
107-18,2126,F,Y,SO,Y,,,,Westervelt,,107-10,107-18,107-30,107-21,107-17,107-25
,457,M,,,,,,,Westervelt,,,,,,,
,3488,F,,,,,,,Westervelt,,,,,,,
,2587,M,,,, ,,,,,107-23,107-01,107-16,107-12,107-02,107-26
,2883,F,,,,Y,,,,,107-23,107-09,107-08,107-15,107-15,107-15
,2142,F,,,, ,,,,,107-18,107-09,107-12,107-10,107-25,107-08
,2167,M,,,,Y,,,,,107-18,107-16,107-24,107-12,107-23,107-26
,2522,M,,,, ,,,,,107-18,107-20,107-16,107-17,107-30,107-30
,1085,F, ,,,,Y,,,,107-16,107-11,107-19,107-03,107-01,107-13
,4061,F,,,, ,,,,,107-16,107-08,107-30,107-19,107-27,107-26
,4732,F,Y,WBK,,Y,,,,,107-01,107-13,107-30,107-17,107-14,107-32
,1175,M,Y,"FB, MTF",, ,,,,,107-03,107-19,107-10,107-26,107-25,107-12
,4810,F,,,,Y,,,,,107-03,107-04,107-30,107-14,107-16,107-28
,2030,F,Y,FB,, ,,,,,107-17,107-19,107-31,107-08,107-16,107-10
,4014,M,,,, ,,,,,107-12,107-20,107-29,107-28,107-13,107-09
,2798,M,,,,,,,,,,,,,,
,2801,M,,,,,,,,,,,,,,
,3566,F,,,,,,,,,,,,,,